{"gif_1696373729335704320.gif": 0.9428090415820634, "gif_1696381716734738432.gif": 0.0, "gif_1696383684202255616.gif": 0.4714045207910317, "gif_1696384103968727040.gif": 0.4714045207910317, "gif_1696414163944157184.gif": 1.247219128924647, "gif_1696559698119789824.gif": 0.0, "gif_1696661912142188800.gif": 0.4714045207910317, "gif_1696677103210208768.gif": 0.4714045207910317, "gif_1696807930324296192.gif": 0.0, "gif_1696844190021180928.gif": 0.0, "gif_1696890243133840896.gif": 0.0, "gif_1696902120849672448.gif": 0.9428090415820634, "gif_1696924542523876096.gif": 0.4714045207910317, "gif_1696924837090984960.gif": 0.4714045207910317, "gif_1696925128072149504.gif": 0.9428090415820634, "gif_1696942892945796096.gif": 0.4714045207910317, "gif_1697008588348270336.gif": 2.8284271247461903, "gif_1697243795196122368.gif": 0.4714045207910317, "gif_1697374654001428224.gif": 0.0, "gif_1697531966851968512.gif": 0.0, "gif_1697602585580402688.gif": 0.4714045207910317, "gif_1697857664742242048.gif": 0.0, "gif_1697866578402627328.gif": 1.699673171197595, "gif_1697932766377186048.gif": 1.699673171197595, "gif_1697934762676763648.gif": 0.4714045207910317, "gif_1697972674142646016.gif": 0.0, "gif_1698049556830481152.gif": 0.0, "gif_1698120994937545472.gif": 2.0548046676563256, "gif_1698217573147487744.gif": 1.4142135623730951, "gif_1698373213235497472.gif": 0.0, "gif_1698472314986616576.gif": 0.0, "gif_1698558146567020544.gif": 0.0, "gif_1698560675546273792.gif": 0.0, "gif_1698722340666601472.gif": 0.4714045207910317, "gif_1698743153134259968.gif": 0.4714045207910317, "gif_1698818721657289728.gif": 0.0, "gif_1699096206921669376.gif": 0.0, "gif_1699096452355660032.gif": 0.0, "gif_1699100767866115328.gif": 0.0, "gif_1699188455033316352.gif": 2.3570226039551585, "gif_1699350248856521728.gif": 0.4714045207910317, "gif_1699517466290642688.gif": 0.4714045207910317, "gif_1699606612192280832.gif": 0.0, "gif_1699618194637138688.gif": 0.0, "gif_1699685119007928064.gif": 0.4714045207910317, "gif_1699770105479869696.gif": 0.4714045207910317, "gif_1699862751238961408.gif": 0.0, "gif_1700312163255488512.gif": 0.0, "gif_1700363440048452608.gif": 0.4714045207910317, "gif_1700534524285553152.gif": 0.816496580927726}